{
  "feature_order": [
    "bpm",
    "rmsEnergy",
    "spectralCentroid",
    "highFreqFlux",
    "state_float"
  ],
  "mean": [
    119.60403962832982,
    0.7192006090460159,
    11200.0,
    0.7598573041640062,
    1.6307409600175524
  ],
  "std": [
    28.32194227319118,
    0.11368391611074866,
    1e-08,
    0.20562935633869614,
    0.48403314462702485
  ],
  "epsilon": 1e-08
}
